{"cameraMode":{"drawMode":0,"name":"Shaded","section":"Shading Mode"},"sceneLighting":true,"audioPlay":false,"sceneViewState":{"showFog":true,"showMaterialUpdate":false,"showSkybox":true,"showFlares":true,"showImageEffects":true,"showParticleSystems":true},"in2DMode":false,"pivot":{"x":608.337646484375,"y":205.93685913085938,"z":629.3245239257813},"rotation":{"x":0.2794497609138489,"y":-0.4914745092391968,"z":0.17015965282917024,"w":0.8071324825286865},"size":6.000722408294678,"orthographic":false}