{"cameraMode":{"drawMode":0,"name":"Shaded","section":"Shading Mode"},"sceneLighting":false,"audioPlay":false,"sceneViewState":{"showFog":true,"showMaterialUpdate":false,"showSkybox":false,"showFlares":true,"showImageEffects":true,"showParticleSystems":true},"in2DMode":false,"pivot":{"x":-0.0011954307556152344,"y":1.052100658416748,"z":0.23920011520385743},"rotation":{"x":-0.20548264682292939,"y":0.36853915452957156,"z":-0.08388768881559372,"w":-0.90273118019104},"size":6.1395721435546879,"orthographic":false}