{"cameraMode":{"drawMode":0,"name":"Shaded","section":"Shading Mode"},"sceneLighting":true,"audioPlay":false,"sceneViewState":{"showFog":true,"showMaterialUpdate":false,"showSkybox":true,"showFlares":true,"showImageEffects":true,"showParticleSystems":true},"in2DMode":false,"pivot":{"x":645.5792846679688,"y":2.6186251640319826,"z":564.6480102539063},"rotation":{"x":0.22208812832832337,"y":-0.46065080165863039,"z":0.1202373206615448,"w":0.8509083986282349},"size":6.266029357910156,"orthographic":false}