{"cameraMode":{"drawMode":0,"name":"Shaded","section":"Shading Mode"},"sceneLighting":true,"audioPlay":false,"sceneViewState":{"showFog":true,"showMaterialUpdate":false,"showSkybox":true,"showFlares":true,"showImageEffects":true,"showParticleSystems":true},"in2DMode":false,"pivot":{"x":641.9663696289063,"y":-3.7155704498291017,"z":574.028076171875},"rotation":{"x":0.3041754961013794,"y":-0.03684423863887787,"z":0.011777897365391255,"w":0.9518407583236694},"size":14.788445472717286,"orthographic":false}