{"cameraMode":{"drawMode":0,"name":"Shaded","section":"Shading Mode"},"sceneLighting":false,"audioPlay":false,"sceneViewState":{"showFog":true,"showMaterialUpdate":false,"showSkybox":false,"showFlares":true,"showImageEffects":true,"showParticleSystems":true},"in2DMode":false,"pivot":{"x":654.86962890625,"y":2.8576130867004396,"z":561.1632080078125},"rotation":{"x":0.16265621781349183,"y":0.7554284930229187,"z":-0.2044336497783661,"w":0.6009304523468018},"size":3.297229528427124,"orthographic":false}