{"cameraMode":{"drawMode":0,"name":"Shaded","section":"Shading Mode"},"sceneLighting":true,"audioPlay":false,"sceneViewState":{"showFog":true,"showMaterialUpdate":false,"showSkybox":true,"showFlares":true,"showImageEffects":true,"showParticleSystems":true},"in2DMode":false,"pivot":{"x":638.435302734375,"y":2.686457633972168,"z":565.9224243164063},"rotation":{"x":0.4191759526729584,"y":-0.19985061883926392,"z":0.09514627605676651,"w":0.880522608757019},"size":35.57506561279297,"orthographic":false}