{"cameraMode":{"drawMode":0,"name":"Shaded","section":"Shading Mode"},"sceneLighting":true,"audioPlay":false,"sceneViewState":{"showFog":true,"showMaterialUpdate":false,"showSkybox":true,"showFlares":true,"showImageEffects":true,"showParticleSystems":true},"in2DMode":false,"pivot":{"x":602.1836547851563,"y":3.5739493370056154,"z":571.8078002929688},"rotation":{"x":-0.29805850982666018,"y":-0.4127136766910553,"z":0.14493875205516816,"w":-0.8484573364257813},"size":22.986492156982423,"orthographic":false}