{"cameraMode":{"drawMode":0,"name":"Shaded","section":"Shading Mode"},"sceneLighting":false,"audioPlay":false,"sceneViewState":{"showFog":true,"showMaterialUpdate":false,"showSkybox":false,"showFlares":true,"showImageEffects":true,"showParticleSystems":true},"in2DMode":false,"pivot":{"x":-0.0011954307556152344,"y":1.052100658416748,"z":0.23920011520385743},"rotation":{"x":0.1610511839389801,"y":0.7006841897964478,"z":-0.1672363579273224,"w":0.6746665835380554},"size":6.1395721435546879,"orthographic":false}