{"cameraMode":{"drawMode":0,"name":"Shaded","section":"Shading Mode"},"sceneLighting":true,"audioPlay":false,"sceneViewState":{"showFog":true,"showMaterialUpdate":false,"showSkybox":true,"showFlares":true,"showImageEffects":true,"showParticleSystems":true},"in2DMode":false,"pivot":{"x":611.003662109375,"y":5.490749359130859,"z":546.0985717773438},"rotation":{"x":-0.12811866402626038,"y":-0.6994229555130005,"z":0.12966661155223847,"w":-0.691072940826416},"size":3.9504382610321047,"orthographic":false}