{"cameraMode":{"drawMode":0,"name":"Shaded","section":"Shading Mode"},"sceneLighting":true,"audioPlay":false,"sceneViewState":{"showFog":true,"showMaterialUpdate":false,"showSkybox":true,"showFlares":true,"showImageEffects":true,"showParticleSystems":true},"in2DMode":false,"pivot":{"x":571.1717529296875,"y":-65.84213256835938,"z":572.5303955078125},"rotation":{"x":-0.2713025212287903,"y":0.44687575101852419,"z":-0.14424575865268708,"w":-0.8402023315429688},"size":442.7621154785156,"orthographic":false}