{"cameraMode":{"drawMode":0,"name":"Shaded","section":"Shading Mode"},"sceneLighting":true,"audioPlay":false,"sceneViewState":{"showFog":true,"showMaterialUpdate":false,"showSkybox":true,"showFlares":true,"showImageEffects":true,"showParticleSystems":true},"in2DMode":false,"pivot":{"x":822.4612426757813,"y":-22.99896240234375,"z":491.639404296875},"rotation":{"x":-0.02529849112033844,"y":-0.9664156436920166,"z":0.10509854555130005,"w":-0.23329129815101624},"size":70.03463745117188,"orthographic":false}