{"cameraMode":{"drawMode":0,"name":"Shaded","section":"Shading Mode"},"sceneLighting":false,"audioPlay":false,"sceneViewState":{"showFog":true,"showMaterialUpdate":false,"showSkybox":false,"showFlares":true,"showImageEffects":true,"showParticleSystems":true},"in2DMode":false,"pivot":{"x":636.1310424804688,"y":2.725961446762085,"z":578.5023803710938},"rotation":{"x":-0.10569094121456146,"y":0.5816641449928284,"z":-0.07644923031330109,"w":-0.8029704093933106},"size":2.9596827030181886,"orthographic":false}