{"cameraMode":{"drawMode":0,"name":"Shaded","section":"Shading Mode"},"sceneLighting":true,"audioPlay":false,"sceneViewState":{"showFog":true,"showMaterialUpdate":false,"showSkybox":true,"showFlares":true,"showImageEffects":true,"showParticleSystems":true},"in2DMode":false,"pivot":{"x":636.275634765625,"y":2.978140115737915,"z":578.700927734375},"rotation":{"x":-0.10569094121456146,"y":0.5816641449928284,"z":-0.07644923031330109,"w":-0.8029704093933106},"size":6.608604907989502,"orthographic":false}