{"cameraMode":{"drawMode":0,"name":"Shaded","section":"Shading Mode"},"sceneLighting":false,"audioPlay":false,"sceneViewState":{"showFog":true,"showMaterialUpdate":false,"showSkybox":true,"showFlares":true,"showImageEffects":true,"showParticleSystems":true},"in2DMode":false,"pivot":{"x":1.1285337209701539,"y":-22.564111709594728,"z":47.32156753540039},"rotation":{"x":-0.22633147239685059,"y":-0.0008793490706011653,"z":0.00020450085867196321,"w":-0.9740527868270874},"size":30.386499404907228,"orthographic":false}