{"cameraMode":{"drawMode":0,"name":"Shaded","section":"Shading Mode"},"sceneLighting":false,"audioPlay":false,"sceneViewState":{"showFog":true,"showMaterialUpdate":false,"showSkybox":false,"showFlares":true,"showImageEffects":true,"showParticleSystems":true},"in2DMode":false,"pivot":{"x":-2.700000047683716,"y":2.950000047683716,"z":0.0},"rotation":{"x":-0.22633147239685059,"y":-0.0008793490706011653,"z":0.00020450085867196321,"w":-0.9740527868270874},"size":4.278604984283447,"orthographic":false}